tick,wh1_humidity,wh1_temperature,wh1_inventory,wh2_humidity,wh2_temperature,wh2_inventory,dc_capacity,dc_throughput,shipment_humidity,shipment_temperature,arm1_active,arm2_active,truck_cargo,mold_detected,retail_stock
1,53.3,21.9,797,53.0,17.0,598,71.2,339,53.3,21.0,True,True,1,False,399
2,54.0,22.0,796,55.3,17.8,597,73.0,366,51.6,22.1,True,True,2,False,399
3,53.5,22.0,796,54.4,20.9,598,71.8,291,54.5,23.3,True,True,3,False,398
4,56.2,22.5,794,56.9,19.6,598,71.3,298,56.9,22.0,True,True,4,False,399
5,54.1,23.2,791,55.1,20.7,597,72.0,382,52.7,22.8,True,True,5,False,399
6,57.6,23.1,789,55.0,17.1,598,70.1,389,60.0,23.3,True,True,6,False,399
7,58.7,22.6,788,55.8,20.3,596,67.5,399,58.9,24.5,True,True,7,False,398
8,55.4,23.4,787,56.8,18.5,597,69.9,347,58.2,24.7,True,True,8,False,397
9,56.3,23.7,786,56.4,20.2,596,69.1,308,58.9,25.3,True,True,9,False,395
10,57.7,23.9,786,54.2,17.1,596,71.2,415,59.9,24.2,True,True,10,False,396
11,59.1,23.3,784,56.9,19.5,596,66.8,338,59.6,22.3,True,True,0,False,396
12,57.7,23.3,781,54.3,18.0,596,66.3,401,56.2,23.7,True,True,1,False,396
13,58.3,23.8,778,56.6,18.2,594,66.1,307,56.8,23.4,True,True,2,False,397
14,60.0,23.8,776,55.0,16.8,594,68.5,334,62.2,25.5,True,True,3,False,397
15,58.7,24.6,775,55.4,16.3,593,67.0,418,56.1,24.5,True,True,4,False,397
16,60.9,24.3,772,57.5,18.9,593,62.0,310,63.5,25.0,True,True,5,False,395
17,59.4,24.6,771,54.0,20.7,594,64.3,356,59.1,26.4,True,True,6,False,396
18,59.6,24.6,768,56.1,18.7,593,60.8,374,58.3,24.9,True,True,7,False,397
19,60.9,25.0,766,57.4,19.6,591,62.6,319,59.5,25.8,True,True,8,False,398
20,60.7,24.6,765,55.8,19.5,590,61.6,347,58.7,24.9,True,True,9,True,397
21,62.2,25.4,764,53.5,17.2,589,62.1,290,64.6,25.0,True,True,10,False,396
22,60.4,25.4,761,56.0,19.3,589,59.6,365,62.1,25.6,True,True,0,False,397
23,62.9,24.8,759,53.7,18.0,588,60.6,338,61.2,25.8,True,True,1,False,398
24,61.1,25.6,757,52.7,17.7,587,57.7,347,58.3,26.4,True,True,2,False,398
25,63.0,25.9,754,54.0,19.7,586,55.5,417,64.1,27.7,True,True,3,True,397
26,60.5,26.0,752,53.7,16.6,584,59.6,363,59.9,25.9,True,True,4,False,396
27,61.2,25.8,750,55.5,17.1,583,58.6,362,61.0,26.1,True,True,5,False,396
28,61.1,26.0,750,55.0,20.9,582,53.4,330,59.0,25.1,True,True,6,False,396
29,61.4,25.8,747,54.2,20.4,581,56.9,281,63.8,27.4,True,True,7,False,396
30,61.7,26.2,745,51.7,20.8,579,55.0,415,64.6,27.0,True,True,8,False,397
31,61.8,26.2,743,52.9,19.1,580,53.1,350,63.4,26.8,True,True,9,False,397
32,58.9,25.9,741,50.4,18.3,580,50.9,296,58.4,25.9,True,True,10,False,398
33,57.6,26.1,738,53.1,18.1,579,53.1,379,59.7,28.0,True,True,0,False,397
34,59.9,26.4,738,51.6,20.6,579,49.0,383,61.2,27.9,True,True,1,False,398
35,60.3,26.7,735,51.2,19.8,580,50.4,363,58.6,26.7,True,True,2,False,399
36,57.3,26.7,735,51.7,17.0,580,47.6,290,58.8,28.5,True,True,3,False,398
37,55.3,26.1,732,48.9,17.6,580,49.4,309,57.0,25.6,True,True,4,False,397
38,56.9,26.6,731,51.6,16.2,578,50.1,310,58.7,27.3,True,True,5,False,397
39,56.1,26.2,731,50.2,20.8,577,47.8,319,55.7,27.4,True,True,6,False,397
40,54.4,26.7,730,50.4,17.7,576,46.1,398,54.8,27.7,True,True,7,False,398
41,54.7,26.7,729,48.0,19.8,576,44.6,341,56.0,27.2,True,True,8,False,396
42,54.8,26.8,729,48.9,21.0,577,46.5,401,55.1,26.8,True,True,9,False,394
43,53.5,26.8,728,47.3,17.4,575,42.9,327,51.6,28.0,True,True,10,False,393
44,53.0,26.9,728,48.6,17.5,576,46.3,350,50.3,26.1,True,True,0,False,394
45,53.7,27.1,728,47.7,18.5,576,40.4,402,51.4,26.3,True,True,1,False,394
46,51.5,26.6,726,47.5,20.5,576,44.0,337,53.2,26.7,True,True,2,False,393
47,49.7,26.9,725,46.7,19.4,576,41.9,299,47.6,27.1,True,True,3,False,392
48,49.7,26.7,723,44.1,16.4,574,39.7,318,52.2,28.2,True,True,4,False,391
49,47.8,27.2,722,44.8,19.0,575,40.8,408,48.0,27.5,True,True,5,False,390
50,50.0,27.1,721,46.1,16.9,574,37.0,412,50.9,28.8,True,True,6,False,388
51,48.2,27.0,720,45.4,20.1,574,36.9,406,46.9,28.8,True,True,7,False,386
52,47.4,26.8,718,44.3,17.0,573,37.8,407,48.2,28.1,True,True,8,False,385
53,46.8,26.9,717,45.8,20.6,571,39.6,384,44.4,28.9,True,True,9,False,383
54,45.9,27.3,715,42.2,18.5,570,38.0,317,45.2,29.1,True,True,10,False,383
55,47.0,26.8,714,44.9,18.4,569,39.3,405,49.2,27.1,True,True,0,False,384
56,44.3,26.8,713,44.2,20.1,568,39.8,377,43.6,27.8,True,True,1,False,385
57,46.4,26.5,711,42.8,17.3,569,36.9,319,43.8,27.8,True,True,2,False,386
58,44.5,26.5,709,42.1,18.2,569,35.5,353,47.5,27.7,True,True,3,False,384
59,42.0,27.3,707,42.7,19.4,569,35.9,317,40.5,27.5,True,True,4,False,383
60,42.0,27.0,704,40.6,17.4,568,35.3,282,44.4,27.4,True,True,5,False,384
61,43.1,27.3,703,40.0,17.8,567,38.7,403,40.7,27.4,True,True,6,False,384
62,41.9,26.3,702,42.3,19.2,567,37.5,338,42.5,26.4,True,True,7,False,383
63,42.9,27.0,701,41.9,19.7,565,36.3,313,40.4,26.9,True,True,8,False,383
64,41.0,26.7,699,39.6,19.8,566,38.1,309,40.8,25.9,True,True,9,False,383
65,41.0,26.8,697,41.5,20.7,567,34.5,347,41.5,28.3,True,True,10,False,384
66,40.5,26.1,695,39.6,16.2,565,37.4,357,41.4,25.5,True,True,0,False,382
67,40.2,26.1,692,42.5,19.1,565,33.4,386,41.1,27.6,True,True,1,False,382
68,43.8,26.6,690,39.5,20.8,564,33.3,371,41.2,26.4,True,True,2,False,381
69,43.9,26.0,687,41.6,17.2,565,33.3,333,44.4,27.4,True,True,3,False,381
70,43.3,26.4,686,41.3,18.9,564,33.7,283,42.4,27.8,True,True,4,False,381
71,40.4,25.9,685,39.2,19.3,564,34.7,291,41.8,27.6,True,True,5,False,380
72,41.7,25.7,684,40.6,19.2,562,38.3,317,39.1,25.5,True,True,6,False,380
73,43.0,26.6,683,39.3,18.1,562,35.6,385,42.0,27.0,True,True,7,False,378
74,41.5,26.1,683,39.7,18.9,562,34.9,375,43.4,26.8,True,True,8,False,378
75,43.7,25.5,681,39.3,20.2,560,34.9,334,41.6,25.9,True,True,9,False,378
76,43.2,25.4,681,40.3,16.9,558,34.7,359,45.7,25.5,True,True,10,False,377
77,42.8,25.3,680,40.7,18.8,556,37.8,359,44.1,26.6,True,True,0,False,377
78,43.0,25.2,677,38.4,17.7,556,37.3,349,41.3,25.7,True,True,1,False,376
79,43.6,25.6,675,40.9,17.4,557,37.1,334,45.2,26.9,True,True,2,True,374
80,51.2,25.3,672,40.3,17.6,556,35.1,284,51.0,24.5,True,True,3,False,375
81,52.4,25.4,670,40.1,18.2,555,36.5,302,52.0,24.7,True,True,4,False,374
82,52.9,25.5,670,38.9,19.2,555,39.6,369,52.0,27.4,True,True,5,False,372
83,52.9,24.8,669,39.2,16.8,556,36.6,362,55.1,25.7,True,True,6,False,372
84,53.3,24.7,669,40.7,20.3,554,37.7,353,50.8,26.3,True,True,7,False,372
85,55.0,24.8,666,41.2,17.7,553,39.9,395,52.6,26.5,True,True,8,False,372
86,55.7,24.3,665,41.4,19.2,551,38.6,366,56.8,23.5,True,True,9,False,372
87,55.5,24.6,663,40.9,16.4,550,39.9,380,53.3,25.7,True,True,10,False,370
88,56.5,24.2,660,42.4,17.0,549,38.9,334,55.6,25.5,True,True,0,False,369
89,57.9,24.1,657,40.7,20.0,548,43.5,326,59.9,25.4,True,True,1,False,367
90,56.8,24.0,657,42.1,19.4,547,43.4,400,59.2,23.6,True,True,2,False,366
91,58.2,24.3,655,42.4,16.5,547,44.7,403,60.4,25.0,True,True,3,False,364
92,59.3,23.6,654,44.4,18.1,545,45.2,395,61.6,25.4,True,True,4,False,363
93,58.9,23.6,653,42.8,20.2,544,41.8,353,61.4,24.0,True,True,5,False,362
94,60.2,23.7,653,43.5,19.2,544,47.4,357,57.9,23.4,True,True,6,False,361
95,60.5,23.8,650,42.2,19.3,542,45.7,370,58.9,24.0,False,False,7,False,359
96,60.0,22.9,647,46.2,17.2,542,46.6,284,59.1,22.1,True,True,8,False,360
97,61.7,23.2,646,43.1,16.3,542,48.7,402,62.5,24.6,True,True,9,False,358
98,62.5,22.8,645,44.8,17.4,542,45.2,344,59.7,23.7,True,True,10,False,357
99,63.2,23.0,644,43.6,17.3,542,47.3,407,62.4,24.4,True,True,0,False,357
100,62.2,22.6,644,45.5,18.2,541,52.4,389,60.2,22.9,True,True,1,False,358
101,64.0,22.7,641,47.8,19.9,542,49.8,392,61.2,21.9,True,True,2,False,357
102,63.8,22.5,639,46.1,20.8,542,51.6,381,62.7,22.3,True,True,3,False,356
103,63.7,22.3,639,45.7,18.3,542,54.2,331,61.4,23.9,True,True,4,False,357
104,66.0,21.7,638,47.1,16.6,540,53.6,324,67.8,22.2,True,True,5,False,356
105,65.2,22.2,636,46.3,20.1,539,50.5,402,65.4,23.5,True,True,6,False,354
106,65.4,22.0,634,50.0,16.8,539,53.8,311,65.5,21.9,True,True,7,False,355
107,67.7,22.1,632,47.4,19.0,538,55.0,416,65.3,23.0,True,True,8,False,354
108,67.6,21.6,630,47.6,20.4,538,58.1,386,68.3,20.7,True,True,9,False,355
109,68.0,21.2,628,49.9,17.6,538,55.0,398,66.2,22.0,True,True,10,False,355
110,68.9,21.6,628,50.7,20.7,536,60.2,343,66.7,20.8,True,True,0,False,354
111,69.8,21.5,627,49.8,18.3,536,60.5,285,67.3,21.7,True,True,1,False,354
112,69.1,20.5,625,50.8,18.0,535,57.6,373,70.7,20.6,True,True,2,False,355
113,70.3,20.8,623,49.6,20.7,534,57.1,375,72.1,20.8,True,True,3,False,353
114,71.2,20.6,622,50.0,16.8,535,60.5,315,70.2,21.4,True,True,4,False,353
115,72.2,20.3,620,52.6,19.6,534,60.2,386,72.7,21.7,True,True,5,False,352
116,72.2,20.3,617,50.1,16.2,532,64.8,377,70.1,21.3,True,True,6,False,351
117,73.2,19.7,617,50.7,18.8,530,61.6,295,74.4,20.3,True,True,7,False,351
118,73.9,19.9,616,52.5,20.7,529,66.2,343,72.6,19.8,True,True,8,False,350
119,74.4,20.1,615,54.0,20.1,529,65.3,419,73.7,22.0,True,True,9,False,349
120,74.9,19.6,612,54.5,17.4,529,63.6,417,73.5,20.3,True,True,10,False,348
121,58.6,19.4,609,54.5,20.8,527,62.9,305,59.7,18.8,True,True,0,False,348
122,61.6,19.7,608,52.5,19.7,525,68.5,302,62.5,19.4,True,True,1,False,348
123,60.7,19.8,607,52.2,18.3,525,66.4,307,63.3,19.8,False,False,2,False,349
124,59.3,19.7,605,54.4,17.7,524,65.3,345,60.6,18.7,True,True,3,False,350
125,57.4,18.8,603,55.3,16.0,524,68.8,315,57.3,20.6,True,True,4,False,351
126,57.2,18.8,600,54.6,20.6,524,67.7,358,55.2,19.9,True,True,5,False,349
127,58.6,19.1,599,56.1,18.4,522,70.1,375,58.1,19.7,True,True,6,False,349
128,56.6,18.5,596,55.8,17.0,521,68.3,295,58.6,20.2,True,True,7,False,348
129,56.0,19.0,593,54.0,18.8,520,70.0,411,55.5,19.7,True,True,8,False,349
130,55.9,18.1,592,54.7,20.7,518,69.4,295,58.5,17.3,True,True,9,False,350
131,52.6,18.7,590,55.3,16.6,518,72.9,418,50.4,20.3,True,True,10,False,350
132,55.8,18.0,589,55.3,16.9,518,74.7,343,55.6,17.5,True,True,0,False,349
133,54.6,17.8,586,56.9,18.2,518,73.2,292,53.1,16.9,True,True,1,False,349
134,52.6,18.4,584,56.9,16.3,517,70.4,413,50.9,18.3,True,True,2,False,348
135,53.5,18.5,583,57.5,16.9,518,73.7,386,52.9,18.4,True,True,3,False,347
136,51.2,17.7,583,55.0,20.2,519,75.5,364,52.1,19.5,True,True,4,False,346
137,48.7,17.6,580,56.9,17.1,519,72.2,365,47.5,19.3,True,True,5,False,344
138,48.4,18.0,579,57.0,17.8,518,75.4,416,49.3,17.9,True,True,6,False,343
139,50.5,18.0,577,55.8,18.9,518,75.5,317,47.6,18.7,True,True,7,False,342
140,49.2,17.3,574,55.1,17.8,518,72.7,405,49.0,18.5,True,True,8,False,342
141,46.3,17.3,571,56.0,17.1,516,76.9,339,43.7,16.8,True,True,9,False,342
142,46.9,17.6,570,54.0,18.5,516,77.3,350,47.1,17.5,True,True,10,False,341
143,47.3,17.9,569,55.4,18.3,516,72.9,381,44.8,19.8,True,True,0,False,340
144,44.9,17.2,568,56.3,20.2,517,76.9,282,46.1,16.4,True,True,1,False,340
145,45.9,17.8,565,54.7,16.2,517,77.8,351,48.3,18.5,True,True,2,False,339
146,46.6,17.7,563,54.5,16.7,518,75.5,418,45.6,19.0,True,True,3,False,339
147,46.3,17.2,562,55.9,19.2,517,77.8,381,49.1,17.2,True,True,4,False,340
148,45.1,16.9,561,54.6,19.9,518,75.3,301,43.7,17.0,True,True,5,False,341
149,42.2,17.0,560,54.2,17.8,518,72.4,411,41.6,16.1,True,True,6,False,341
150,41.6,16.9,559,54.8,17.3,517,74.1,377,39.6,16.7,True,True,7,False,339
151,41.5,16.9,559,52.8,18.0,516,73.5,307,39.3,15.9,True,True,8,False,338
152,44.0,17.4,557,53.4,19.5,516,74.1,381,46.8,17.3,True,True,9,False,336
153,42.4,16.8,556,53.9,20.0,516,73.6,398,45.1,16.4,True,True,10,False,334
154,43.6,17.4,554,51.6,18.4,517,75.8,376,41.0,19.4,True,True,0,False,335
155,41.7,17.4,551,53.0,19.2,516,75.0,291,42.1,18.3,True,True,1,False,335
156,43.9,17.3,551,52.0,18.4,516,71.2,408,41.8,19.3,True,True,2,False,335
157,41.2,16.6,548,54.0,19.5,516,75.2,369,41.1,16.9,True,True,3,False,335
158,41.3,17.3,546,51.2,17.2,514,70.6,364,41.7,19.2,True,True,4,False,333
159,41.7,17.1,545,50.4,18.7,514,72.1,296,42.2,18.5,True,True,5,False,332
160,41.7,16.6,544,50.1,19.5,513,73.1,397,42.4,18.0,True,True,6,False,331
161,41.6,16.6,543,51.4,18.1,512,69.5,387,42.2,17.3,True,True,7,False,332
162,42.5,17.5,542,50.7,18.4,512,73.8,293,44.7,19.4,True,True,8,False,332
163,41.6,17.1,541,49.7,18.7,512,71.6,336,40.4,16.9,True,True,9,False,331
164,41.8,17.3,538,49.6,16.5,510,71.8,392,42.1,19.3,True,True,10,False,331
165,44.8,16.9,537,50.4,18.1,509,72.7,369,47.0,17.7,True,True,0,False,330
166,44.4,17.5,535,50.1,18.6,508,71.0,354,44.8,19.4,True,True,1,False,328
167,45.9,16.9,533,49.9,18.4,507,70.1,343,47.5,17.9,True,True,2,False,326
168,45.1,17.2,530,47.3,16.5,507,67.7,280,47.3,18.7,True,True,3,False,325
169,47.2,17.5,528,48.3,20.3,508,69.4,366,47.5,16.9,True,True,4,False,326
170,47.0,17.6,526,49.0,16.7,508,64.0,389,45.2,18.7,True,True,5,False,327
171,47.0,17.9,524,45.6,16.5,507,64.7,339,46.6,17.2,True,True,6,False,326
172,45.8,17.6,522,44.9,16.5,508,65.5,338,45.1,18.8,True,True,7,False,327
173,46.8,17.2,521,47.7,18.2,508,66.3,318,49.3,18.0,True,True,8,False,325
174,47.1,17.3,519,47.4,19.0,508,61.7,343,47.4,18.1,True,True,9,False,324
175,50.0,18.1,517,46.2,18.5,506,64.2,341,50.0,17.4,True,True,10,False,323
176,49.9,18.3,515,45.2,17.3,506,65.4,298,47.0,17.5,True,True,0,False,322
177,48.4,18.2,513,42.9,16.8,506,61.8,410,50.9,20.1,True,True,1,False,322
178,50.2,18.2,510,44.7,16.3,506,61.9,391,47.9,19.0,True,True,2,False,320
179,52.3,17.7,509,44.6,20.5,507,57.3,348,53.7,17.1,True,True,3,False,320
180,51.7,18.2,506,43.4,16.5,507,58.0,322,50.9,18.0,True,True,4,False,319
181,53.3,18.0,505,44.2,19.7,507,58.7,289,53.6,19.7,True,True,5,False,319
182,53.4,18.2,503,42.3,18.3,506,59.2,291,56.1,17.4,True,True,6,False,319
183,53.5,18.3,503,44.1,19.9,507,57.4,374,54.1,18.8,True,True,7,False,318
184,53.9,18.8,503,44.0,19.3,507,54.8,282,56.6,17.8,True,True,8,False,317
185,57.1,18.3,503,43.0,18.3,506,55.7,413,56.6,20.0,True,True,9,False,318
186,57.4,18.8,501,42.2,20.2,504,55.5,360,60.0,19.0,True,True,10,False,317
187,56.3,18.6,500,41.4,18.3,504,56.6,417,55.4,19.9,True,True,0,False,318
188,57.4,18.6,498,42.8,17.3,505,54.9,381,57.5,19.6,True,True,1,False,318
189,60.1,19.0,495,39.3,17.9,506,52.0,336,57.9,20.5,True,True,2,False,318
190,59.2,19.3,494,41.5,16.3,506,50.1,364,56.9,21.1,True,True,3,False,317
191,60.9,19.6,493,40.5,17.2,507,50.7,318,58.1,20.5,True,True,4,False,317
192,58.8,19.6,492,40.3,17.8,508,47.3,284,61.7,20.9,True,True,5,False,317
193,60.3,20.0,491,40.4,18.6,508,49.2,351,57.7,22.0,True,True,6,False,316
194,61.6,20.2,488,42.3,20.0,507,46.0,324,59.7,21.0,True,True,7,False,317
195,61.6,19.4,485,41.9,18.6,505,48.9,294,60.0,19.1,True,True,8,False,317
196,59.1,19.7,482,41.8,20.8,504,44.7,308,61.2,21.3,True,True,9,False,317
197,60.9,20.1,481,41.9,19.5,504,43.8,361,58.9,22.0,True,True,10,False,316
198,63.3,20.0,481,41.2,18.8,504,46.0,380,65.4,21.3,True,True,0,False,316
199,60.5,20.8,478,39.3,20.1,503,45.5,322,61.3,22.7,True,True,1,False,315
200,76.0,20.4,477,40.9,20.8,501,41.2,292,75.3,21.6,True,True,2,True,315
201,77.3,20.6,477,40.0,16.5,499,43.7,355,74.4,20.4,True,True,3,True,316
202,74.1,20.6,477,41.6,17.0,498,40.3,391,72.0,19.9,True,True,4,True,314
203,73.1,21.3,476,40.9,18.1,497,43.6,405,71.0,21.4,True,True,5,True,314
204,73.8,21.3,475,40.8,17.3,498,39.8,381,73.6,23.0,True,True,6,True,315
205,75.9,21.2,475,39.8,16.5,499,40.3,295,73.8,22.3,True,True,7,True,315
206,76.0,21.4,474,41.6,19.6,499,42.0,356,73.5,23.1,True,True,8,True,314
207,75.0,21.9,471,42.1,19.4,500,41.0,312,72.3,21.1,True,True,9,False,314
208,73.2,21.4,469,41.9,19.9,501,40.0,413,72.9,23.0,True,True,10,True,313
209,75.7,21.9,468,40.9,16.9,501,38.4,404,76.1,22.3,True,True,0,False,313
210,74.4,22.3,467,41.5,17.6,499,37.9,285,73.4,23.7,True,True,1,False,314
211,61.4,22.4,466,42.6,20.1,499,40.8,302,59.5,22.0,True,True,2,False,314
212,60.6,22.8,463,42.5,17.0,500,39.5,287,58.6,24.4,True,True,3,False,313
213,57.4,22.1,463,39.8,18.2,500,36.4,287,55.9,22.6,True,True,4,False,312
214,60.5,22.7,461,41.8,19.4,499,35.9,334,62.6,23.6,True,True,5,False,311
215,57.2,22.4,458,41.8,19.6,498,38.2,344,57.9,24.2,False,False,6,False,309
216,58.4,23.4,457,41.6,17.4,499,38.4,375,58.8,24.2,False,False,7,False,309
217,57.7,23.0,456,42.7,19.0,499,34.6,294,59.5,24.4,True,True,8,False,309
218,57.0,23.5,455,43.8,19.4,499,36.7,328,56.1,24.6,True,True,9,False,308
219,56.2,23.9,453,43.3,19.3,497,34.7,326,58.9,25.6,True,True,10,False,307
220,53.9,23.9,452,42.6,16.6,497,34.9,298,53.7,23.5,True,True,0,False,306
221,55.1,23.6,451,44.2,19.2,498,37.5,326,56.8,24.1,True,True,1,False,306
222,52.4,23.3,450,44.9,17.0,497,33.8,402,51.7,22.4,True,True,2,False,307
223,52.5,23.8,449,42.8,18.9,495,37.1,359,50.3,24.0,True,True,3,False,305
224,50.9,23.9,447,46.4,20.9,494,33.8,383,48.0,23.6,True,True,4,False,305
225,50.4,24.3,444,43.6,19.4,494,32.7,307,51.3,23.4,True,True,5,False,303
226,50.5,24.4,443,45.4,18.1,492,34.9,349,51.2,25.5,True,True,6,False,303
227,51.8,24.6,443,46.3,17.0,492,33.8,321,49.0,25.1,True,True,7,False,302
228,51.2,24.1,443,46.0,20.9,492,36.2,345,52.1,24.5,True,True,8,False,300
229,47.9,25.1,442,45.3,19.2,491,37.5,291,45.0,24.5,True,True,9,False,299
230,47.5,25.3,439,49.0,18.4,491,34.0,349,49.5,26.4,True,True,10,False,299
231,47.2,24.7,436,49.4,19.1,491,33.4,326,47.9,26.0,True,True,0,False,299
232,48.4,25.4,435,49.8,19.8,492,38.2,283,49.6,26.4,True,True,1,False,298
233,46.6,25.7,433,48.9,20.9,491,37.1,318,48.6,26.4,True,True,2,False,298
234,44.0,25.0,431,49.6,18.0,492,38.4,409,42.3,25.9,True,True,3,False,297
235,44.2,25.8,430,49.3,19.0,491,36.3,420,41.2,25.1,True,True,4,False,296
236,45.2,25.6,428,49.1,18.3,491,35.2,401,46.5,25.7,True,True,5,False,296
237,42.7,25.2,426,50.9,18.0,490,36.4,315,44.6,26.4,True,True,6,False,294
238,42.9,25.4,426,49.4,19.3,491,39.8,311,44.5,25.8,True,True,7,False,295
239,45.3,25.9,426,49.5,19.0,490,38.3,312,42.9,26.9,True,True,8,False,293
240,42.4,25.9,423,52.9,18.6,490,39.2,385,43.0,27.6,True,True,9,False,293
241,44.2,25.9,420,51.9,20.8,490,40.4,313,47.1,26.9,True,True,10,False,292
242,42.6,26.0,419,52.8,16.7,489,37.2,283,42.7,25.1,True,True,0,False,291
243,43.0,26.5,418,51.2,20.3,489,38.0,371,44.9,25.8,True,True,1,False,290
244,43.2,26.5,418,54.2,19.7,487,40.9,360,46.0,25.7,True,True,2,False,290
245,40.9,26.7,418,54.5,18.6,485,40.8,299,39.0,26.2,True,True,3,False,288
246,41.5,26.5,416,53.1,20.2,486,39.5,293,43.1,27.4,True,True,4,False,287
247,41.2,26.6,414,54.8,17.1,484,39.8,419,41.4,25.9,True,True,5,False,287
248,40.9,26.4,412,53.3,17.6,482,41.3,342,43.7,27.4,True,True,6,False,288
249,43.8,26.5,410,56.0,16.5,481,43.8,329,42.7,25.7,True,True,7,False,287
250,44.1,26.7,409,55.5,19.7,480,45.0,391,45.0,28.5,True,True,8,False,287
251,41.0,26.6,408,54.5,16.1,479,42.5,395,41.8,26.9,True,True,9,False,285
252,43.3,26.9,405,55.0,17.9,477,46.4,302,42.0,28.7,True,True,10,False,284
253,44.2,26.5,403,53.2,20.4,476,44.7,375,46.9,25.5,True,True,0,False,282
254,41.8,26.9,400,53.4,19.1,475,46.5,411,39.7,26.5,True,True,1,False,281
255,42.6,27.1,400,53.9,19.4,473,48.2,404,45.3,27.2,True,True,2,False,280
256,42.9,26.5,399,54.7,17.6,473,46.7,360,45.7,26.0,True,True,3,False,278
257,45.6,27.1,397,56.5,19.0,472,48.0,404,45.9,26.6,True,True,4,False,278
258,46.3,26.6,395,57.2,18.7,470,50.4,334,48.7,27.3,True,True,5,False,278
259,47.4,27.3,395,55.7,19.1,471,50.1,341,49.5,28.7,True,True,6,False,276
260,44.6,26.9,392,56.0,19.3,470,49.8,296,43.2,26.6,True,True,7,False,275
261,46.6,26.9,391,57.1,17.9,469,55.0,419,47.0,27.0,True,True,8,False,276
262,47.5,26.6,391,57.6,18.6,469,51.8,315,47.1,26.3,False,False,9,False,276
263,46.9,26.7,390,54.6,18.1,469,54.7,333,47.4,27.6,True,True,10,False,274
264,47.4,27.1,387,54.5,16.1,467,52.7,383,48.0,27.8,True,True,0,False,274
265,49.9,26.8,386,56.6,16.8,466,53.2,326,50.6,27.3,True,True,1,False,275
266,50.5,27.1,385,57.6,16.9,466,53.9,387,52.5,27.9,True,True,2,False,275
267,52.0,27.3,384,56.2,16.2,465,57.5,390,52.1,27.4,True,True,3,False,273
268,51.2,27.2,383,54.6,18.0,463,59.8,301,49.9,28.8,True,True,4,False,272
269,50.6,27.2,382,56.4,20.3,462,59.3,389,51.5,27.0,True,True,5,False,271
270,52.2,26.6,382,54.9,18.0,461,60.7,358,52.7,27.9,True,True,6,False,272
271,51.8,26.4,379,56.8,16.0,461,58.8,293,49.8,28.3,True,True,7,False,271
272,52.3,27.2,379,53.7,19.6,462,60.8,382,53.0,27.8,True,True,8,False,271
273,55.0,27.0,377,56.8,17.8,463,62.8,339,55.7,28.0,True,True,9,False,271
274,55.9,26.3,376,56.7,19.6,462,61.3,297,58.4,26.9,True,True,10,False,270
275,56.1,26.5,375,54.9,17.7,462,65.3,307,56.5,27.0,True,True,0,False,268
276,55.0,26.3,373,54.4,20.3,461,64.3,397,56.1,28.0,True,True,1,False,268
277,57.1,26.4,372,53.1,20.1,461,66.6,353,54.7,27.4,True,True,2,False,267
278,56.0,26.4,370,55.5,17.2,461,64.6,347,54.2,26.0,True,True,3,False,266
279,58.8,26.0,368,52.1,20.5,459,68.7,360,58.8,28.0,True,True,4,False,264
280,60.3,26.8,367,53.2,19.9,459,69.3,408,59.4,28.4,True,True,5,False,265
281,59.1,26.2,366,51.4,17.3,457,66.4,346,57.2,26.0,True,True,6,False,264
282,61.6,25.8,365,51.9,20.0,457,67.6,338,63.5,27.0,True,True,7,False,264
283,60.4,25.7,362,53.7,18.4,456,70.5,412,60.6,25.6,True,True,8,False,265
284,59.6,25.5,361,53.3,20.1,457,66.9,372,58.8,26.2,True,True,9,False,264
285,60.3,25.7,358,51.2,17.4,455,70.9,394,62.6,25.8,True,True,10,False,264
286,61.7,25.4,357,49.8,19.0,454,72.2,361,62.6,26.5,True,True,0,False,264
287,61.0,25.9,355,52.4,16.4,453,73.5,344,63.6,27.0,True,True,1,False,264
288,60.3,25.1,352,48.8,17.5,454,73.6,301,61.2,26.8,True,True,2,False,262
289,60.8,25.6,351,49.2,20.7,455,69.5,349,61.1,25.0,True,True,3,False,262
290,62.1,25.3,349,50.0,16.8,454,73.7,393,60.9,25.5,True,True,4,False,262
291,60.0,25.5,348,49.4,19.0,452,70.4,282,61.6,26.9,True,True,5,False,261
292,63.2,24.8,347,49.1,19.8,452,75.2,300,62.7,24.5,True,True,6,False,260
293,63.6,25.1,345,49.7,19.1,451,72.0,396,64.3,24.9,True,True,7,False,260
294,60.6,24.4,344,46.1,18.1,451,73.8,318,57.7,24.1,True,True,8,False,261
295,62.9,24.6,344,47.7,17.3,451,75.1,400,61.0,26.3,True,True,9,False,262
296,61.1,25.1,343,45.3,17.6,451,75.4,333,60.9,26.1,True,True,10,False,263
297,60.6,24.0,340,47.4,18.2,451,77.0,335,63.4,23.7,True,True,0,False,262
298,59.1,24.4,339,47.7,17.7,452,73.9,320,59.1,25.5,True,True,1,False,260
299,62.6,23.8,338,47.1,17.0,453,73.8,368,64.4,24.1,True,True,2,False,261
300,61.1,21.6,337,45.1,20.3,452,77.2,369,60.0,22.0,True,True,3,False,260
301,60.4,21.9,336,46.8,17.8,452,75.1,327,62.7,22.8,True,True,4,False,259
302,60.0,22.1,334,44.2,16.3,451,77.8,362,57.7,22.7,True,True,5,False,257
303,60.4,23.1,332,43.1,19.6,451,73.2,345,57.7,22.8,True,True,6,False,256
304,56.6,23.2,332,45.9,16.2,449,77.6,294,58.5,23.0,True,True,7,False,256
305,56.3,23.7,331,43.1,18.8,447,77.7,343,56.7,25.5,True,True,8,False,255
306,57.6,23.8,329,44.5,21.0,446,75.4,409,56.6,23.3,True,True,9,False,255
307,56.6,23.6,328,42.6,19.7,446,77.7,334,55.9,24.3,True,True,10,False,254
308,55.6,24.5,328,42.7,17.6,444,71.7,356,58.5,24.1,True,True,0,False,252
309,56.6,24.6,325,44.4,16.5,444,77.0,343,55.0,26.0,True,True,1,False,252
310,54.5,24.7,323,44.0,19.9,443,75.7,377,52.0,23.9,True,True,2,False,251
311,53.6,24.7,322,43.3,16.8,442,76.3,318,52.6,25.8,True,True,3,False,252
312,54.2,25.5,319,43.8,18.0,443,75.4,401,54.6,24.6,True,True,4,False,252
313,51.2,25.5,319,41.5,19.9,441,71.3,414,49.7,24.7,True,True,5,False,252
314,51.4,25.1,318,43.0,20.1,440,74.3,358,49.4,25.1,True,True,6,False,252
315,52.6,25.7,317,41.6,16.1,439,75.4,317,54.8,27.2,True,True,7,False,252
316,51.5,26.0,316,39.3,18.6,440,69.7,284,50.8,27.7,True,True,8,False,251
317,49.0,26.0,314,39.0,20.3,439,73.3,372,51.2,25.1,True,True,9,False,252
318,49.9,26.4,314,39.5,17.5,438,74.6,285,47.1,28.2,True,True,10,False,252
319,48.6,26.3,313,41.4,17.1,439,72.4,287,51.3,28.1,True,True,0,False,253
320,47.4,26.6,310,39.9,19.3,438,72.1,364,47.1,26.0,True,True,1,False,251
321,47.7,27.0,307,40.9,16.7,437,68.1,310,45.8,28.5,True,True,2,False,249
322,44.9,28.0,306,39.4,19.0,436,72.5,348,45.5,28.8,True,True,3,False,249
323,45.1,27.3,306,38.2,20.8,435,70.9,329,43.5,27.5,True,True,4,False,250
324,47.3,27.7,305,41.8,19.0,435,69.6,343,46.9,29.0,True,True,5,False,250
325,46.4,28.1,302,40.9,19.7,433,70.6,342,46.5,28.3,True,True,6,False,250
326,44.9,28.6,301,40.1,18.3,433,64.7,293,46.0,30.3,True,True,7,False,250
327,44.8,28.8,298,38.4,17.6,433,64.8,331,47.1,28.1,True,True,8,False,250
328,44.4,28.7,297,40.9,18.8,432,67.5,410,45.1,28.2,True,True,9,False,249
329,41.6,29.1,296,38.8,20.5,432,67.6,394,40.3,28.6,True,True,10,False,247
330,44.9,29.8,295,38.2,19.0,430,61.8,401,44.6,30.1,True,True,0,False,246
331,40.8,29.5,294,41.8,16.5,430,64.8,356,39.8,28.8,True,True,1,False,247
332,44.5,29.8,291,39.1,20.2,430,64.3,377,46.4,31.1,True,True,2,False,247
333,40.6,29.9,290,40.4,19.4,428,64.7,415,43.5,30.4,True,True,3,False,245
334,43.9,30.3,289,42.6,17.2,427,62.5,406,45.7,32.0,True,True,4,False,246
335,41.2,30.4,288,39.6,17.4,426,60.9,334,38.3,30.0,True,True,5,False,245
336,43.2,31.0,287,40.3,20.2,425,59.2,287,45.2,30.6,True,True,6,False,245
337,43.7,31.2,287,41.2,19.6,426,56.7,294,45.7,31.1,True,True,7,False,244
338,41.3,31.2,285,41.6,19.0,427,59.9,322,41.7,31.4,True,True,8,False,245
339,43.6,32.0,285,42.7,16.6,426,56.8,357,41.9,31.9,True,True,9,False,244
340,43.4,32.4,285,43.1,19.8,424,56.8,414,42.3,32.4,True,True,10,False,245
341,40.9,18.4,284,44.2,16.5,424,59.3,302,39.9,20.1,True,True,0,True,243
342,43.8,17.8,281,43.5,16.8,423,57.1,392,44.8,17.6,True,True,1,False,244
343,41.4,18.3,279,44.7,20.5,422,52.4,342,39.4,18.2,True,True,2,False,243
344,43.5,17.6,278,41.4,20.1,421,56.4,394,44.2,17.5,True,True,3,False,244
345,44.5,18.0,276,44.2,16.7,422,56.0,399,44.3,19.8,True,True,4,False,245
346,45.7,17.8,274,42.9,19.8,422,50.5,402,45.5,17.3,True,True,5,False,244
347,45.0,17.4,274,42.7,17.9,420,53.5,342,45.3,19.3,True,True,6,False,244
348,44.4,17.8,273,45.8,17.6,418,52.5,404,42.1,18.6,True,True,7,False,244
349,43.9,17.5,270,44.7,20.5,417,49.4,335,45.8,19.2,True,True,8,False,244
350,46.6,17.2,268,43.3,19.6,417,47.1,357,49.1,19.0,True,True,9,False,244
351,48.3,17.6,266,47.6,17.8,418,49.1,280,49.5,19.1,True,True,10,False,245
352,48.7,17.2,265,47.5,17.9,417,48.9,324,48.5,16.8,True,True,0,False,245
353,49.6,17.1,262,47.8,16.7,417,50.0,391,52.4,16.5,True,True,1,False,245
354,49.8,17.7,260,48.2,20.2,417,47.4,388,50.4,18.4,True,True,2,False,244
355,48.2,17.2,258,47.2,20.9,418,45.8,300,46.1,18.4,True,True,3,False,243
356,51.8,17.2,255,48.7,18.7,419,42.3,359,52.5,18.9,True,True,4,False,241
357,48.6,17.6,254,47.8,16.3,419,44.6,357,50.0,18.3,True,True,5,False,240
358,51.2,16.7,251,47.1,17.4,419,46.5,351,49.7,17.5,True,True,6,False,240
359,51.0,17.2,248,49.8,16.2,418,45.3,404,49.1,17.8,True,True,7,False,239
360,54.6,17.2,247,51.1,20.1,417,44.2,368,51.9,17.0,True,True,8,False,238
361,51.6,17.0,244,49.4,17.9,417,41.5,283,50.3,18.4,True,True,9,False,238
362,53.3,17.5,242,50.1,17.2,417,38.6,380,53.1,18.5,True,True,10,False,238
363,55.4,17.0,242,51.4,17.8,415,41.6,305,55.6,18.1,True,True,0,False,236
364,56.3,16.5,241,49.8,18.8,413,40.7,376,57.2,18.2,True,True,1,False,234
365,57.9,17.2,239,52.7,17.4,412,38.0,362,56.4,18.5,True,True,2,False,234
366,54.9,17.5,237,51.0,18.2,411,37.5,405,52.6,18.1,True,True,3,False,233
367,57.7,16.9,236,50.3,17.3,412,37.0,280,60.3,17.9,True,True,4,False,232
368,58.7,17.1,235,53.8,21.0,412,38.1,403,56.4,17.7,False,False,5,False,230
369,57.8,16.6,232,51.7,17.9,412,40.6,331,55.9,15.7,True,True,6,False,231
370,57.7,17.4,231,53.6,18.7,413,38.0,341,57.6,16.6,True,True,7,False,229
371,58.7,17.4,230,53.3,20.4,412,36.6,413,58.5,18.4,True,True,8,False,228
372,58.5,17.5,230,53.8,17.5,410,33.8,283,56.5,16.6,True,True,9,False,227
373,61.5,16.8,229,53.6,18.9,409,36.8,382,60.4,18.7,True,True,10,False,227
374,59.2,17.4,226,55.4,20.6,408,37.6,374,59.5,17.7,True,True,0,False,228
375,59.2,17.5,225,52.7,19.9,407,36.4,352,58.7,18.9,True,True,1,False,228
376,62.0,17.3,223,53.3,17.7,407,35.7,302,62.8,18.6,True,True,2,False,226
377,59.5,16.9,223,53.7,18.4,405,35.6,318,60.6,18.8,True,True,3,False,225
378,60.4,16.8,221,55.6,18.4,405,36.1,417,58.5,18.2,True,True,4,False,225
379,60.3,17.6,220,56.7,17.1,406,35.7,385,62.5,17.7,True,True,5,False,225
380,61.8,17.8,218,55.2,16.6,407,32.9,371,64.7,17.4,True,True,6,False,224
381,62.8,17.1,217,53.7,17.1,408,37.1,323,63.3,17.8,True,True,7,False,225
382,61.6,17.9,216,55.7,20.6,407,33.3,363,61.2,17.6,True,True,8,False,224
383,63.7,18.0,215,57.4,18.8,406,34.5,305,63.4,17.7,True,True,9,False,224
384,59.9,18.1,213,56.7,16.1,404,32.9,397,62.0,19.3,True,True,10,False,225
385,61.5,18.1,212,57.0,17.3,402,34.6,415,58.7,18.4,True,True,0,False,223
386,63.3,18.1,212,56.1,17.8,400,37.0,373,63.1,17.2,True,True,1,False,222
387,61.9,18.0,212,56.8,17.6,400,37.0,333,63.4,19.3,True,True,2,False,221
388,62.6,17.9,211,56.0,17.8,400,32.9,416,65.0,18.3,True,True,3,False,219
389,61.3,18.6,211,56.8,16.7,400,38.1,307,59.3,17.9,True,True,4,False,218
390,58.9,18.6,209,54.8,17.2,400,33.2,328,56.3,20.2,True,True,5,False,218
391,61.6,18.2,207,56.5,18.4,400,35.3,358,59.6,18.0,True,True,6,False,218
392,61.3,17.9,205,57.0,21.0,398,35.7,319,59.3,17.3,True,True,7,False,217
393,59.2,18.4,202,55.6,16.1,397,35.1,321,59.4,17.8,True,True,8,False,216
394,60.1,19.1,201,56.8,20.6,396,39.8,317,61.9,20.3,True,True,9,False,215
395,57.2,18.7,198,54.0,18.6,395,34.9,294,57.8,18.3,True,True,10,False,214
396,58.4,18.5,196,56.5,16.7,394,35.6,294,60.9,18.6,True,True,0,False,215
397,58.1,18.8,195,54.8,20.9,393,37.2,393,56.8,20.2,True,True,1,False,216
398,55.7,18.7,194,56.7,20.6,394,39.5,376,53.2,18.9,True,True,2,False,216
399,55.0,19.4,193,55.1,17.1,395,41.0,357,55.0,20.6,True,True,3,False,216
400,55.9,19.1,191,53.3,18.5,396,40.8,342,53.1,20.4,False,False,4,False,215
401,55.9,19.3,190,54.9,16.3,395,40.4,284,58.0,18.8,False,False,5,False,213
402,52.6,19.2,189,55.7,16.9,395,39.1,299,52.7,20.5,False,False,6,False,214
403,51.0,19.8,187,55.0,18.1,395,43.9,412,49.7,21.1,False,False,7,False,215
404,53.6,19.6,186,52.3,16.7,395,42.3,402,52.7,20.7,True,True,8,False,215
405,51.0,20.0,186,55.4,20.9,395,45.7,338,49.8,19.6,False,False,9,False,215
406,50.2,19.7,185,54.2,16.2,395,40.7,295,50.0,21.4,False,False,10,False,215
407,49.1,19.9,182,50.8,16.8,393,42.0,351,51.8,19.9,False,False,0,False,216
408,49.2,20.1,181,53.4,20.6,391,45.3,417,46.2,21.3,False,False,1,False,214
409,50.2,20.5,181,53.5,20.9,389,46.8,411,48.6,19.8,False,False,2,False,215
410,46.4,20.3,179,50.2,20.9,387,47.9,396,47.0,20.2,False,False,3,False,216
411,47.0,20.6,178,51.6,19.4,387,49.2,306,46.4,21.2,False,False,4,False,216
412,45.1,21.2,175,50.6,19.6,388,50.6,383,42.8,22.7,True,True,5,False,217
413,45.2,21.2,173,51.5,17.3,388,47.2,317,46.8,20.5,False,False,6,False,216
414,45.5,20.9,172,50.8,16.4,387,46.9,357,46.2,20.2,False,False,7,False,217
415,46.0,21.7,170,51.0,18.2,387,48.3,284,48.7,20.8,False,False,8,False,216
416,46.2,21.4,168,49.1,18.4,387,50.1,390,44.0,22.5,False,False,9,False,215
417,42.5,21.9,166,49.8,20.9,386,52.7,376,43.2,22.0,False,False,10,False,213
418,42.9,21.4,164,46.8,17.2,385,54.4,385,42.0,22.4,True,True,0,False,212
419,43.9,22.4,162,48.7,17.3,384,50.6,388,44.3,24.1,False,False,1,False,213
420,43.8,22.7,161,48.3,17.7,382,53.3,407,43.8,24.0,False,False,2,False,212
421,43.2,22.3,160,47.0,19.6,382,54.8,337,43.9,24.2,True,True,3,False,213
422,42.8,22.2,158,47.5,17.0,381,56.0,356,42.4,22.8,True,True,4,False,212
423,41.9,22.6,157,47.2,20.0,379,58.0,399,40.5,23.5,True,True,5,False,211
424,43.5,23.2,156,48.0,20.3,379,58.6,356,45.6,23.4,True,True,6,False,211
425,43.7,23.3,154,46.5,18.4,378,56.6,342,45.5,23.2,True,True,7,False,210
426,44.0,23.5,152,45.3,20.5,379,57.0,404,45.7,22.7,True,True,8,False,209
427,41.3,22.8,150,44.4,20.7,378,62.3,310,41.4,24.3,True,True,9,False,209
428,43.8,23.7,150,43.8,18.2,378,58.8,307,41.9,25.6,True,True,10,False,207
429,41.2,23.5,150,44.8,20.1,377,60.4,317,40.4,24.6,True,True,0,False,206
430,40.4,23.7,147,46.0,18.7,375,63.9,372,42.8,24.8,True,True,1,False,206
431,41.5,23.3,146,43.5,19.8,375,65.4,392,42.3,24.9,True,True,2,False,205
432,42.4,24.3,145,41.6,17.8,374,65.3,321,43.6,24.8,True,True,3,False,205
433,43.5,24.3,144,44.4,18.9,372,63.8,382,41.7,24.2,True,True,4,False,204
434,41.8,24.4,141,41.8,17.6,371,66.4,346,39.8,25.2,True,True,5,False,204
435,42.9,24.2,139,40.8,16.2,371,64.8,330,41.5,25.8,True,True,6,False,202
436,44.7,24.1,138,42.6,17.3,372,68.9,328,47.4,25.5,True,True,7,False,202
437,45.6,24.5,138,41.5,18.3,370,65.0,354,48.5,24.2,True,True,8,False,201
438,44.1,24.9,136,42.0,16.3,370,64.9,345,41.5,25.6,True,True,9,False,200
439,47.4,24.7,133,41.3,16.2,371,68.7,374,45.2,26.4,True,True,10,False,200
440,44.9,25.0,131,39.9,20.9,372,67.7,291,47.8,25.5,True,True,0,False,200
441,45.9,25.0,130,40.5,19.2,371,71.6,318,46.2,26.8,True,True,1,False,200
442,47.2,24.8,129,39.6,18.8,372,67.9,290,46.8,26.8,True,True,2,False,200
443,47.9,25.5,127,39.1,18.6,373,68.2,334,48.4,27.4,True,True,3,False,200
444,49.0,25.0,124,40.2,16.4,372,72.4,307,51.0,24.5,True,True,4,False,200
445,50.7,25.5,121,41.0,19.2,371,74.0,313,49.0,24.6,True,True,5,False,200
446,49.3,25.2,119,38.5,17.9,371,74.4,302,46.4,24.8,True,True,6,False,200
447,50.4,26.2,118,40.8,20.4,371,70.1,374,50.5,26.7,True,True,7,False,200
448,51.3,25.8,116,40.4,20.7,371,74.1,337,52.2,26.9,True,True,8,False,200
449,52.2,25.5,116,40.6,20.6,370,72.7,355,52.6,26.2,True,True,9,False,201
450,52.9,25.9,114,40.1,18.0,370,73.0,398,51.0,25.4,True,True,10,False,200
451,51.9,25.9,113,41.5,18.7,369,74.1,346,54.1,25.2,True,True,0,False,200
452,52.2,25.9,111,38.5,16.7,368,73.7,381,54.0,25.2,True,True,1,False,200
453,53.7,26.5,110,41.3,18.3,367,72.2,417,51.8,26.4,True,True,2,False,200
454,55.5,26.0,108,38.2,19.2,367,72.2,380,52.8,25.0,True,True,3,False,201
455,57.1,26.8,106,42.1,16.1,368,75.9,404,55.5,26.0,True,True,4,False,201
456,57.1,26.3,104,40.4,18.5,368,75.6,329,56.9,26.6,True,True,5,False,201
457,57.8,27.0,102,41.1,20.2,369,76.9,372,59.6,28.4,True,True,6,False,200
458,58.5,26.9,101,39.6,16.2,369,75.9,406,57.3,26.5,True,True,7,False,200
459,56.6,26.5,100,42.1,19.9,370,72.9,337,56.5,28.5,True,True,8,False,200
460,60.1,26.8,100,41.8,20.3,368,77.4,307,61.8,27.6,True,True,9,False,200
461,57.9,26.8,100,41.2,19.2,367,73.0,407,59.3,26.1,True,True,10,False,200
462,59.3,27.2,100,39.7,19.1,368,74.6,375,60.6,27.4,True,True,0,False,200
463,59.4,26.9,100,42.4,16.3,368,76.6,282,60.7,27.5,True,True,1,False,200
464,60.1,27.2,100,41.2,20.4,366,74.4,413,62.9,27.5,True,True,2,False,200
465,61.9,27.1,100,43.3,18.2,365,73.6,419,62.6,28.0,True,True,3,False,200
466,60.7,27.1,100,43.3,18.6,366,76.2,334,58.3,27.8,True,True,4,False,200
467,62.6,26.5,100,41.0,18.5,367,76.1,295,64.6,26.3,True,True,5,False,200
468,60.2,27.4,100,43.7,17.2,367,73.8,315,61.5,28.0,True,True,6,False,200
469,61.2,27.3,100,43.3,17.8,366,73.0,313,61.1,27.6,True,True,7,False,200
470,62.1,27.0,100,43.6,19.6,365,72.9,321,60.0,26.4,True,True,8,False,200
471,60.5,27.4,100,44.4,16.6,364,71.0,310,61.1,27.6,True,True,9,False,200
472,62.3,26.7,100,42.1,17.4,364,72.2,292,64.9,26.6,True,True,10,False,200
473,60.7,26.5,100,45.2,19.0,364,72.8,376,60.6,27.7,True,True,0,False,200
474,62.9,26.9,100,44.7,20.5,363,71.9,366,63.1,28.8,True,True,1,False,201
475,62.6,27.3,100,45.6,19.8,361,73.0,293,65.3,27.9,True,True,2,False,200
476,61.5,27.1,100,43.5,20.3,361,71.5,362,60.9,26.2,True,True,3,False,200
477,59.3,26.8,100,45.5,17.5,360,73.0,326,57.8,26.1,True,True,4,False,200
478,60.5,27.0,100,44.8,16.6,360,69.3,346,59.8,28.5,True,True,5,False,201
479,59.4,27.0,100,47.6,20.6,361,69.7,403,56.6,27.9,True,True,6,False,202
480,58.3,26.9,100,47.2,19.9,361,66.8,316,57.5,28.9,True,True,7,False,201
481,59.9,27.2,100,47.0,19.4,360,68.4,403,58.5,27.0,True,True,8,True,200
482,61.3,26.5,100,49.1,20.4,360,70.1,315,62.7,28.5,True,True,9,False,200
483,57.6,27.0,100,48.2,16.1,359,69.7,333,57.4,27.8,True,True,10,False,200
484,59.0,26.1,100,49.1,20.1,359,66.7,299,59.2,27.8,True,True,0,False,200
485,57.5,27.1,100,47.4,16.1,358,65.4,329,57.2,26.8,True,True,1,False,200
486,56.2,26.4,100,51.0,17.0,356,63.0,406,58.6,27.5,True,True,2,False,201
487,55.3,26.3,100,51.0,20.3,356,67.0,296,53.1,28.1,True,True,3,False,200
488,57.4,26.2,100,51.0,20.2,355,66.2,293,59.5,26.2,True,True,4,False,201
489,54.8,26.3,100,49.0,16.4,353,63.3,360,51.8,25.9,True,True,5,False,202
490,54.8,26.5,100,49.0,16.1,353,65.5,304,52.0,26.8,True,True,6,False,203
491,55.1,26.5,100,53.0,18.9,352,60.4,392,56.7,27.4,True,True,7,False,202
492,51.5,25.6,100,49.8,16.3,352,60.0,296,49.1,24.8,True,True,8,False,201
493,53.9,26.1,100,51.6,16.1,352,59.8,366,54.8,27.1,True,True,9,False,201
494,51.8,25.5,100,52.6,16.9,350,56.7,387,51.7,26.4,True,True,10,False,200
495,49.6,25.4,100,50.8,19.3,349,59.3,374,52.4,26.0,True,True,0,False,201
496,49.0,26.0,100,51.9,19.0,348,58.4,401,50.2,27.9,True,True,1,False,201
497,49.0,26.0,100,53.6,17.1,348,57.9,337,50.2,26.4,True,True,2,False,200
498,48.9,25.8,100,54.6,19.2,347,58.3,309,46.8,26.1,True,True,3,True,201
499,50.0,25.8,100,53.3,17.3,348,53.8,325,48.2,25.3,True,True,4,False,200
500,46.1,24.9,100,55.4,21.0,349,55.6,323,48.7,26.8,True,True,5,False,200
501,48.6,24.7,100,55.9,18.9,350,54.6,342,51.1,26.0,True,True,6,False,200
502,47.9,24.7,100,53.8,20.4,351,56.0,296,45.9,24.9,True,True,7,False,200
503,46.9,24.9,100,54.3,18.3,350,56.7,289,45.1,26.6,True,True,8,False,200
504,44.3,24.7,100,53.9,19.1,349,58.5,338,44.8,25.1,True,True,9,False,200
505,44.6,24.6,100,55.1,18.5,348,61.2,371,47.0,24.5,True,True,10,False,201
506,44.6,24.3,100,53.7,19.4,347,59.9,344,43.4,25.7,True,True,0,False,200
507,43.1,24.9,100,56.3,16.1,348,64.0,383,45.0,26.2,True,True,1,False,200
508,44.2,24.7,100,57.6,20.0,346,64.5,399,45.5,25.1,True,True,2,False,200
509,42.5,24.4,100,54.5,17.8,345,64.8,282,42.5,25.4,True,True,3,False,200
510,41.8,24.2,100,55.5,20.6,344,66.1,364,42.2,25.6,True,True,4,False,200
511,42.9,23.7,100,55.5,18.8,345,67.8,357,40.5,23.0,True,True,5,False,201
512,40.5,23.7,100,56.7,17.6,344,65.7,294,39.7,22.7,True,True,6,False,202
513,43.9,24.1,100,55.6,16.8,342,66.5,390,45.8,25.1,True,True,7,False,201
514,42.4,23.1,100,55.2,20.4,342,69.9,343,42.6,24.8,True,True,8,False,202
515,41.9,23.5,100,56.3,16.9,341,69.2,390,41.6,25.2,True,True,9,False,201
516,42.3,23.6,100,55.5,19.8,340,70.0,335,44.8,23.8,True,True,10,False,200
517,40.5,23.2,100,55.4,18.3,339,72.0,298,41.3,24.2,True,True,0,False,200
518,41.5,22.5,100,55.4,18.2,337,71.2,420,42.4,23.6,True,True,1,False,200
519,42.1,22.3,100,54.9,17.8,338,75.4,282,43.2,21.8,True,True,2,False,201
520,41.2,22.7,100,53.8,20.6,336,73.9,292,42.8,24.0,True,True,3,False,201
521,42.1,22.0,100,54.5,18.6,336,75.7,322,43.4,21.1,True,True,4,False,201
522,44.1,22.4,100,54.7,17.9,335,77.5,283,43.5,22.3,True,True,5,False,201
523,43.0,22.4,100,53.5,20.6,335,78.6,306,44.3,23.8,True,True,6,False,201
524,43.8,21.5,100,54.0,16.3,333,78.3,361,46.7,22.5,True,True,7,False,200
525,41.9,21.7,100,56.5,17.2,331,80.0,359,40.3,22.0,True,True,8,False,200
526,42.6,21.6,100,53.2,16.2,329,79.8,351,41.5,23.0,True,True,9,False,201
527,45.9,21.8,100,54.0,17.1,328,83.0,343,47.7,22.9,True,True,10,False,201
528,46.8,21.0,100,54.2,20.7,328,83.5,324,47.4,22.5,True,True,0,False,201
529,44.7,21.4,100,52.2,16.4,329,83.2,331,43.3,22.7,True,True,1,False,201
530,48.3,20.7,100,53.2,19.6,330,84.8,356,48.9,20.2,True,True,2,False,202
531,46.0,20.9,100,53.2,19.6,331,85.5,281,43.1,21.4,True,True,3,False,203
532,47.5,21.2,100,54.7,17.0,331,88.9,311,46.8,21.9,True,True,4,False,201
533,48.0,21.0,100,51.7,20.1,330,88.9,343,46.5,20.1,True,True,5,False,200
534,49.4,20.7,100,53.1,19.2,328,89.6,321,46.5,22.0,True,True,6,False,200
535,51.2,20.4,100,51.6,17.5,327,91.6,416,52.2,20.5,True,True,7,False,200
536,49.9,20.4,100,53.2,18.5,328,89.4,358,46.9,19.9,True,True,8,False,200
537,49.3,20.0,100,52.4,18.8,328,91.7,326,49.3,19.3,True,True,9,False,200
538,50.5,20.2,100,49.7,16.3,328,94.2,355,48.0,19.6,True,True,10,False,200
539,50.4,19.8,100,49.5,20.8,327,95.0,281,49.7,20.4,True,True,0,False,200
540,52.1,19.9,100,50.1,20.4,326,95.4,376,52.8,21.8,True,True,1,False,200
541,54.9,19.9,100,47.8,19.3,324,34.5,343,54.1,20.8,True,True,2,False,200
542,54.3,19.1,100,49.0,16.4,323,38.1,404,53.7,19.9,True,True,3,False,201
543,54.8,19.7,100,50.7,16.4,322,38.2,409,52.0,20.2,True,True,4,False,200
544,57.0,19.6,100,50.6,16.1,321,35.2,302,54.6,21.6,True,True,5,False,200
545,58.1,18.9,100,47.5,20.4,320,34.2,405,55.6,20.0,True,True,6,False,200
546,58.7,19.0,100,48.9,20.7,319,36.6,308,56.2,20.2,True,True,7,False,200
547,58.5,18.6,100,45.9,20.7,318,38.1,361,60.1,20.0,True,True,8,False,200
548,56.6,18.7,100,47.7,20.0,317,33.9,352,54.5,19.7,True,True,9,False,200
549,59.5,18.4,100,47.0,16.8,316,39.5,376,56.9,19.8,True,True,10,False,200
550,60.0,18.9,100,47.6,17.7,317,35.2,320,62.9,19.5,True,True,0,False,200
551,60.4,18.6,100,47.8,18.3,316,36.6,293,62.5,19.7,True,True,1,False,200
552,58.7,18.4,100,44.0,16.7,316,36.4,306,59.8,20.4,True,True,2,False,200
553,62.3,18.5,100,44.8,18.0,315,40.6,391,65.1,19.4,True,True,3,False,200
554,59.0,18.0,100,43.7,16.6,313,39.6,374,56.1,17.3,True,True,4,False,200
555,61.7,17.7,100,46.0,17.6,312,39.5,391,60.5,17.1,True,True,5,False,200
556,62.2,17.9,100,45.4,16.9,312,38.9,310,60.3,18.7,True,True,6,False,200
557,61.8,17.4,100,44.8,20.9,313,37.7,373,64.6,16.9,True,True,7,False,200
558,62.4,17.3,100,42.3,19.4,314,43.2,370,63.0,17.8,True,True,8,False,200
559,62.6,17.2,100,41.2,17.9,312,38.9,388,60.0,17.0,True,True,9,False,200
560,63.6,17.1,100,42.3,19.2,310,40.1,329,64.9,17.8,True,True,10,False,201
561,62.0,17.8,100,41.1,16.4,310,41.1,420,61.4,17.8,True,True,0,False,202
562,63.6,17.1,100,43.2,17.5,311,44.6,311,61.7,18.3,True,True,1,False,203
563,63.2,17.4,100,41.8,20.8,309,44.7,326,62.3,18.6,True,True,2,False,203
564,61.9,17.7,100,42.0,20.9,309,44.0,348,59.2,18.9,True,True,3,False,201
565,62.4,17.4,100,40.4,20.7,309,46.1,338,61.2,19.0,True,True,4,False,200
566,61.0,16.8,100,40.4,20.7,309,43.0,406,62.9,15.8,True,True,5,False,200
567,61.8,16.8,100,42.7,17.2,308,46.2,388,63.0,18.0,True,True,6,False,200
568,61.8,17.5,100,42.6,18.1,307,49.3,314,61.9,19.4,True,True,7,False,200
569,60.0,16.7,100,40.1,20.7,307,50.2,380,58.3,16.6,False,False,8,False,200
570,60.7,16.6,100,41.8,18.0,308,48.2,281,59.8,17.8,True,True,9,False,201
571,57.7,16.8,100,40.1,18.1,309,49.4,400,57.1,16.7,True,True,10,False,201
572,57.9,16.6,100,41.5,16.7,310,49.6,330,55.6,16.5,True,True,0,True,200
573,58.4,16.6,100,39.5,18.0,311,51.8,363,59.9,17.9,True,True,1,False,200
574,59.0,17.3,100,41.1,16.0,311,49.4,367,58.6,18.1,True,True,2,False,200
575,57.5,16.6,100,39.2,18.4,309,51.9,343,58.5,16.9,True,True,3,False,201
576,58.1,17.2,100,38.4,16.5,309,53.8,317,57.7,18.0,True,True,4,False,202
577,54.6,16.8,100,39.6,20.7,309,54.7,357,52.3,16.9,True,True,5,False,201
578,56.6,17.4,100,39.0,18.5,308,52.8,305,56.2,17.2,True,True,6,False,202
579,54.4,17.2,100,38.5,19.1,308,56.6,378,51.9,16.5,True,True,7,False,201
580,54.8,17.5,100,38.3,17.0,307,58.6,357,56.2,19.5,True,True,8,False,201
581,54.6,16.7,100,38.3,20.0,307,57.4,387,54.7,18.6,True,True,9,False,200
582,51.7,17.5,100,39.4,19.8,305,56.7,411,54.5,17.0,True,True,10,False,200
583,51.8,17.0,100,41.5,17.3,305,57.4,396,51.8,18.2,True,True,0,False,200
584,53.0,16.9,100,39.7,20.0,303,57.2,351,55.6,16.7,True,True,1,False,200
585,51.5,17.5,100,39.6,19.1,302,60.5,347,52.8,17.7,True,True,2,False,200
586,49.5,17.5,100,39.0,18.8,303,63.0,345,51.7,18.4,True,True,3,False,200
587,50.8,17.0,100,39.9,20.1,302,62.3,303,50.8,17.4,True,True,4,False,200
588,47.6,17.8,100,41.5,20.5,301,60.6,316,45.0,17.5,True,True,5,False,201
589,50.1,17.4,100,39.8,17.3,301,64.6,291,47.9,18.7,True,True,6,False,201
590,49.3,17.7,100,42.1,18.4,299,61.1,393,51.2,17.6,True,True,7,False,201
591,45.9,17.3,100,42.1,17.8,300,65.0,286,44.3,17.5,True,True,8,False,202
592,45.5,17.8,100,43.9,17.8,299,66.5,371,43.0,17.8,True,True,9,False,202
593,47.5,17.2,100,40.8,20.4,297,64.0,357,48.2,17.1,True,True,10,False,201
594,44.3,17.6,100,42.7,18.1,297,65.3,402,46.2,16.9,True,True,0,False,200
595,45.7,17.6,100,41.6,20.6,297,65.1,365,43.5,19.4,True,True,1,False,200
596,43.8,17.9,100,43.6,16.0,296,68.0,336,45.0,17.6,True,True,2,False,200
597,45.8,18.0,100,41.8,16.3,296,71.3,387,44.3,19.5,True,True,3,False,201
598,42.0,18.3,100,45.9,16.4,295,68.4,320,39.2,18.4,True,True,4,False,200
599,41.4,18.5,100,44.7,17.4,293,67.6,393,43.1,19.6,True,True,5,False,200
600,51.3,17.8,100,46.3,20.7,294,71.8,408,50.1,17.5,True,True,6,False,200
601,52.0,18.2,100,43.5,17.6,293,73.5,299,53.9,18.6,True,True,7,False,201
602,53.2,18.1,100,46.8,18.7,294,73.1,365,50.4,17.9,True,True,8,False,201
603,52.5,18.8,100,46.3,16.2,292,70.5,291,52.9,20.2,True,True,9,False,202
604,53.4,18.2,100,48.1,18.5,290,71.3,304,52.4,19.9,True,True,10,False,202
605,54.2,18.3,100,47.8,19.3,289,74.3,339,56.5,19.7,True,True,0,False,203
606,55.2,19.4,100,45.7,19.4,288,73.0,390,52.4,20.5,True,True,1,False,203
607,54.6,19.1,100,49.5,16.8,288,76.0,302,54.6,19.5,True,True,2,False,204
608,55.1,19.2,100,46.1,16.6,287,72.7,393,56.0,18.6,True,True,3,False,204
609,56.1,19.6,100,46.4,21.0,287,73.2,409,55.8,21.2,True,True,4,False,203
610,55.5,18.9,100,50.6,19.3,287,75.8,298,53.8,20.5,True,True,5,False,203
611,56.5,19.6,100,48.9,17.1,287,76.2,361,55.6,20.4,True,True,6,False,203
612,57.8,19.6,100,47.9,18.2,285,74.8,295,60.4,19.7,True,True,7,False,202
613,57.7,20.2,100,48.1,18.3,285,77.4,383,55.2,21.8,True,True,8,False,200
614,58.0,20.3,100,49.1,16.8,285,72.9,403,57.9,21.4,True,True,9,False,200
615,59.0,20.2,100,50.0,20.0,285,74.2,317,59.0,20.1,True,True,10,False,200
616,59.4,20.4,100,50.0,17.1,283,77.9,419,61.0,21.2,True,True,0,False,200
617,58.9,20.5,100,50.1,20.1,284,77.7,396,58.4,20.6,True,True,1,False,200
618,59.8,20.3,100,53.6,20.7,283,77.6,391,60.6,21.4,True,True,2,False,200
619,61.2,20.2,100,50.5,18.9,282,77.0,419,58.8,20.5,True,True,3,False,201
620,59.9,20.7,100,51.6,19.5,282,73.2,398,59.4,22.2,True,True,4,False,200
621,61.7,20.8,100,50.8,20.0,281,73.2,386,58.9,19.9,False,False,5,False,200
622,62.4,21.3,100,53.1,20.9,282,73.6,389,60.2,22.2,True,True,6,False,201
623,61.5,21.2,100,55.0,17.6,280,74.2,346,63.5,20.7,True,True,7,False,200
624,61.7,20.9,100,51.8,16.9,278,76.0,396,62.5,22.2,True,True,8,False,200
625,63.3,21.2,100,52.8,16.6,277,76.2,306,61.0,23.0,True,True,9,False,200
626,62.7,21.3,100,53.2,20.4,276,71.3,299,61.0,21.6,True,True,10,False,200
627,64.1,21.5,100,54.2,20.6,277,72.4,281,62.1,22.7,True,True,0,False,200
628,63.7,21.5,100,52.8,20.8,276,73.4,312,62.3,21.9,True,True,1,False,200
629,64.5,21.9,100,55.1,20.0,275,74.4,351,67.3,21.2,True,True,2,False,201
630,65.4,22.0,100,53.7,16.3,275,73.9,370,64.6,22.9,True,True,3,False,200
631,65.0,22.4,100,53.4,19.3,274,72.7,327,64.1,21.6,True,True,4,False,200
632,65.8,22.2,100,56.5,17.1,275,70.7,378,64.5,21.8,True,True,5,False,200
633,66.6,23.1,100,56.4,16.2,274,73.2,330,63.9,23.6,True,True,6,False,200
634,66.5,22.8,100,54.2,20.2,274,71.5,281,69.0,22.7,True,True,7,False,200
635,67.2,23.4,100,57.4,17.6,275,67.6,368,66.6,24.1,True,True,8,False,201
636,68.1,23.3,100,55.4,19.6,274,69.5,306,71.1,24.9,True,True,9,False,201
637,67.7,23.5,100,54.3,20.0,272,71.1,299,66.3,24.6,True,True,10,False,200
638,68.5,23.9,100,56.8,19.3,271,69.2,413,68.7,24.6,True,True,0,False,200
639,70.1,23.8,100,55.3,18.5,269,66.5,332,71.3,23.0,True,True,1,False,200
640,69.0,23.7,100,56.7,16.5,268,66.8,396,69.9,25.2,True,True,2,False,200
641,69.3,23.7,100,57.7,19.7,267,66.6,306,67.2,25.3,True,True,3,False,201
642,70.0,23.7,100,57.5,16.3,267,63.4,381,70.0,24.2,True,True,4,False,201
643,70.5,24.3,100,54.3,16.2,266,66.9,406,70.6,23.6,True,True,5,False,200
644,70.9,23.9,100,54.3,19.7,266,67.2,383,70.3,23.2,True,True,6,False,200
645,72.6,24.1,100,54.8,19.4,265,65.8,402,74.0,25.7,True,True,7,False,200
646,71.6,24.2,100,56.3,16.0,266,62.4,299,69.6,25.5,True,True,8,False,200
647,72.4,24.2,100,55.4,16.5,266,64.9,322,73.9,25.5,True,True,9,False,200
648,73.7,24.8,100,54.7,19.9,265,61.0,357,75.0,26.5,True,True,10,False,200
649,74.3,25.0,100,56.8,17.0,266,58.9,390,73.5,26.2,True,True,0,False,200
650,74.9,25.5,100,55.5,17.0,264,62.7,386,77.6,25.3,True,True,1,False,200
651,62.3,25.5,100,55.6,18.8,263,57.4,318,62.4,25.4,True,True,2,False,201
652,60.6,24.8,100,54.5,16.2,264,57.6,390,59.7,26.3,True,True,3,False,200
653,60.4,25.7,100,55.8,17.8,265,58.1,354,58.7,26.1,True,True,4,False,200
654,63.0,25.4,100,54.6,16.7,265,60.1,315,64.1,25.0,True,True,5,False,201
655,61.8,25.2,100,53.0,17.8,263,56.9,360,61.8,26.3,True,True,6,False,201
656,60.8,26.2,100,53.4,18.8,262,55.5,375,58.6,26.8,True,True,7,False,202
657,60.2,25.7,100,54.2,17.5,261,54.3,307,59.2,25.0,True,True,8,False,202
658,60.7,25.4,100,52.2,20.3,259,55.5,314,59.0,26.4,True,True,9,False,200
659,59.6,26.5,100,51.8,16.1,259,50.3,304,58.1,25.8,True,True,10,False,200
660,60.0,26.5,100,51.8,16.7,260,51.3,390,57.9,25.6,True,True,0,False,200
661,60.5,26.2,100,50.9,16.5,260,52.9,350,59.8,27.3,True,True,1,False,200
662,58.7,25.8,100,51.2,17.4,261,50.7,315,58.5,27.0,True,True,2,False,201
663,60.5,26.7,100,50.6,16.7,259,50.2,366,60.3,28.3,True,True,3,False,201
664,59.1,26.8,100,51.4,18.9,259,46.8,414,57.7,27.9,True,True,4,False,200
665,57.8,26.8,100,50.8,20.0,259,46.0,362,59.4,28.7,True,True,5,False,200
666,57.8,26.9,100,49.0,19.2,259,45.9,298,57.4,27.0,True,True,6,False,200
667,54.3,26.2,100,48.3,20.0,260,46.8,321,53.9,26.8,True,True,7,False,200
668,53.9,27.1,100,47.4,18.9,261,44.0,415,53.9,28.6,True,True,8,False,200
669,54.8,26.8,100,48.3,16.6,261,46.0,312,56.5,26.7,True,True,9,False,200
670,53.1,26.6,100,48.9,18.5,261,43.3,341,55.2,28.4,True,True,10,False,200
671,53.1,27.0,100,46.3,19.7,259,41.9,295,50.9,27.6,True,True,0,False,201
672,54.5,27.2,100,48.3,16.2,258,42.0,313,53.1,26.3,True,True,1,False,200
673,52.2,26.8,100,47.9,19.5,258,41.8,403,49.5,28.1,True,True,2,False,201
674,51.2,26.5,100,46.6,19.7,257,42.0,303,51.7,26.2,True,True,3,False,201
675,52.3,27.0,100,47.6,17.2,257,44.7,360,51.4,28.0,True,True,4,False,201
676,49.2,26.9,100,46.5,19.9,256,38.9,393,50.5,28.7,True,True,5,False,201
677,48.5,27.0,100,46.3,17.5,257,39.2,315,50.5,27.6,True,True,6,False,201
678,48.9,27.2,100,43.8,17.5,256,41.8,288,47.5,28.0,True,True,7,False,200
679,49.9,27.3,100,43.2,16.2,256,38.8,390,50.1,28.3,True,True,8,False,200
680,76.6,27.4,100,46.3,19.8,254,40.5,389,78.3,29.2,True,True,9,True,201
681,76.8,27.5,100,44.4,20.0,254,41.1,340,74.6,26.5,True,True,10,True,202
682,77.7,26.7,100,42.2,17.6,255,38.4,283,75.4,27.4,True,True,0,True,202
683,73.6,27.0,100,42.2,17.6,255,37.3,300,72.3,27.8,True,True,1,True,200
684,72.4,27.2,100,41.9,18.9,255,36.0,327,73.5,28.8,True,True,2,True,200
685,72.3,26.5,100,43.8,16.4,256,38.2,299,72.3,25.8,True,True,3,True,200
686,73.2,27.3,100,42.9,20.7,255,37.7,384,75.6,27.4,True,True,4,True,201
687,73.8,26.8,100,40.4,19.8,255,35.1,288,74.7,26.3,True,True,5,False,201
688,75.9,27.3,100,43.9,20.2,253,39.0,413,75.5,27.1,True,True,6,True,200
689,73.8,26.6,100,40.7,18.5,253,37.4,384,73.0,26.7,True,True,7,True,200
690,77.5,26.9,100,42.1,17.7,251,35.3,315,78.1,28.3,True,True,8,True,200
691,72.7,26.8,100,40.9,16.2,252,33.3,400,74.2,26.2,True,True,9,True,200
692,74.6,27.2,100,41.9,20.5,252,33.1,355,72.3,28.9,True,True,10,True,201
693,75.5,27.2,100,41.4,19.6,252,32.4,402,76.7,28.4,True,True,0,True,200
694,75.5,26.6,100,42.0,17.5,251,33.0,351,78.2,25.9,True,True,1,True,200
695,74.0,26.9,100,40.8,20.4,251,35.5,333,73.6,26.7,True,True,2,False,200
696,73.9,26.1,100,39.8,17.0,251,33.7,339,74.9,25.5,True,True,3,False,200
697,77.0,25.9,100,41.3,20.2,252,37.4,389,78.4,26.5,True,True,4,True,201
698,73.8,26.5,100,38.6,19.7,252,37.1,309,76.6,27.9,True,True,5,False,201
699,73.3,25.9,100,38.4,19.3,251,34.1,413,72.2,27.4,True,True,6,True,202
700,77.3,26.3,100,38.2,20.4,251,32.3,407,76.0,25.9,True,True,7,True,202
701,44.5,26.3,100,41.5,17.7,249,32.4,377,45.3,26.0,True,True,8,False,200
702,43.1,26.4,100,41.8,19.8,249,37.6,336,40.8,28.0,True,True,9,False,200
703,42.4,25.7,100,41.9,20.0,249,36.7,312,44.0,26.2,True,True,10,False,200
704,43.6,25.6,100,39.7,17.3,248,34.7,380,45.5,25.9,True,True,0,False,200
705,42.3,25.4,100,40.0,17.6,248,37.1,308,45.0,26.2,True,True,1,False,200
706,44.9,25.8,100,38.2,18.0,247,38.4,330,47.8,27.3,True,True,2,False,200
707,45.9,25.2,100,39.4,18.4,245,36.1,414,43.5,25.4,True,True,3,False,200
708,44.1,25.1,100,39.5,18.5,244,38.8,349,46.3,24.3,True,True,4,False,200
709,46.9,24.8,100,41.3,16.5,245,39.0,285,45.7,25.2,True,True,5,False,201
710,48.5,25.1,100,40.9,19.6,244,37.6,342,47.8,27.1,True,True,6,False,201
711,49.1,25.3,100,41.8,20.9,243,38.1,359,48.1,26.7,True,True,7,False,201
712,46.3,25.3,100,39.6,18.1,244,38.8,339,43.7,25.8,True,True,8,False,200
713,49.5,24.4,100,42.4,17.2,245,40.5,419,49.5,26.3,True,True,9,False,200
714,49.0,24.8,100,41.2,17.0,246,41.3,321,49.1,24.2,True,True,10,False,200
715,51.3,25.0,100,40.0,17.4,247,40.4,355,52.6,26.6,True,True,0,False,200
716,49.8,24.5,100,43.3,20.3,246,39.0,364,52.4,25.7,True,True,1,False,200
717,49.8,24.6,100,42.1,16.3,247,38.6,304,50.0,24.6,True,True,2,False,200
718,51.8,24.0,100,40.9,19.1,245,42.5,389,52.3,23.9,True,True,3,False,201
719,52.3,24.1,100,41.6,17.7,245,43.8,413,52.8,25.4,True,True,4,False,200
720,54.4,23.7,100,43.2,16.0,245,45.3,317,52.3,24.1,True,True,5,False,200
